id,system,name,description,owner,risk
E0000,Email,ROLE_0000,Demo entitlement,U0264,high
E0001,DataLake,ROLE_0001,Demo entitlement,U0136,high
E0002,DataLake,ROLE_0002,Demo entitlement,U0041,high
E0003,Git,ROLE_0003,Demo entitlement,U0197,medium
E0004,CRM,ROLE_0004,Demo entitlement,U0045,medium
E0005,CRM,ROLE_0005,Demo entitlement,U0224,low
E0006,Git,ROLE_0006,Demo entitlement,U0021,medium
E0007,CRM,ROLE_0007,Demo entitlement,U0096,medium
E0008,ERP,ROLE_0008,Demo entitlement,U0109,medium
E0009,ERP,ROLE_0009,Demo entitlement,U0146,medium
E0010,Email,ROLE_0010,Demo entitlement,U0102,high
E0011,Email,ROLE_0011,Demo entitlement,U0153,medium
E0012,ERP,ROLE_0012,Demo entitlement,U0202,medium
E0013,ERP,ROLE_0013,Demo entitlement,U0253,medium
E0014,ERP,ROLE_0014,Demo entitlement,U0083,high
E0015,CRM,ROLE_0015,Demo entitlement,U0151,low
E0016,DataLake,ROLE_0016,Demo entitlement,U0119,low
E0017,Git,ROLE_0017,Demo entitlement,U0264,low
E0018,Git,ROLE_0018,Demo entitlement,U0052,high
E0019,CRM,ROLE_0019,Demo entitlement,U0135,low
E0020,ERP,ROLE_0020,Demo entitlement,U0104,medium
E0021,Git,ROLE_0021,Demo entitlement,U0081,medium
E0022,Git,ROLE_0022,Demo entitlement,U0064,medium
E0023,ERP,ROLE_0023,Demo entitlement,U0261,medium
E0024,ERP,ROLE_0024,Demo entitlement,U0249,medium
E0025,DataLake,ROLE_0025,Demo entitlement,U0073,low
E0026,ERP,ROLE_0026,Demo entitlement,U0036,medium
E0027,Git,ROLE_0027,Demo entitlement,U0180,medium
E0028,CRM,ROLE_0028,Demo entitlement,U0249,low
E0029,Email,ROLE_0029,Demo entitlement,U0044,medium
E0030,CRM,ROLE_0030,Demo entitlement,U0236,medium
E0031,ERP,ROLE_0031,Demo entitlement,U0143,low
E0032,ERP,ROLE_0032,Demo entitlement,U0064,low
E0033,DataLake,ROLE_0033,Demo entitlement,U0199,medium
E0034,CRM,ROLE_0034,Demo entitlement,U0207,medium
E0035,Git,ROLE_0035,Demo entitlement,U0186,high
E0036,DataLake,ROLE_0036,Demo entitlement,U0066,medium
E0037,CRM,ROLE_0037,Demo entitlement,U0257,low
E0038,Email,ROLE_0038,Demo entitlement,U0148,medium
E0039,CRM,ROLE_0039,Demo entitlement,U0230,high
E0040,CRM,ROLE_0040,Demo entitlement,U0077,low
E0041,Email,ROLE_0041,Demo entitlement,U0171,medium
E0042,CRM,ROLE_0042,Demo entitlement,U0109,low
E0043,DataLake,ROLE_0043,Demo entitlement,U0067,medium
E0044,DataLake,ROLE_0044,Demo entitlement,U0199,low
E0045,HRIS,ROLE_0045,Demo entitlement,U0269,high
E0046,Git,ROLE_0046,Demo entitlement,U0197,medium
E0047,CRM,ROLE_0047,Demo entitlement,U0114,medium
E0048,Git,ROLE_0048,Demo entitlement,U0276,medium
E0049,DataLake,ROLE_0049,Demo entitlement,U0167,medium
E0050,CRM,ROLE_0050,Demo entitlement,U0147,low
E0051,ERP,ROLE_0051,Demo entitlement,U0231,high
E0052,Git,ROLE_0052,Demo entitlement,U0294,medium
E0053,DataLake,ROLE_0053,Demo entitlement,U0144,medium
E0054,ERP,ROLE_0054,Demo entitlement,U0263,medium
E0055,Email,ROLE_0055,Demo entitlement,U0123,low
E0056,CRM,ROLE_0056,Demo entitlement,U0246,medium
E0057,Email,ROLE_0057,Demo entitlement,U0207,medium
E0058,ERP,ROLE_0058,Demo entitlement,U0160,critical
E0059,ERP,ROLE_0059,Demo entitlement,U0105,high
E0060,Git,ROLE_0060,Demo entitlement,U0084,medium
E0061,CRM,ROLE_0061,Demo entitlement,U0185,high
E0062,CRM,ROLE_0062,Demo entitlement,U0231,low
E0063,HRIS,ROLE_0063,Demo entitlement,U0056,medium
E0064,CRM,ROLE_0064,Demo entitlement,U0224,high
E0065,DataLake,ROLE_0065,Demo entitlement,U0162,medium
E0066,DataLake,ROLE_0066,Demo entitlement,U0137,low
E0067,ERP,ROLE_0067,Demo entitlement,U0174,high
E0068,DataLake,ROLE_0068,Demo entitlement,U0113,medium
E0069,HRIS,ROLE_0069,Demo entitlement,U0142,critical
E0070,Email,ROLE_0070,Demo entitlement,U0128,low
E0071,Git,ROLE_0071,Demo entitlement,U0160,low
E0072,Email,ROLE_0072,Demo entitlement,U0102,low
E0073,DataLake,ROLE_0073,Demo entitlement,U0010,medium
E0074,ERP,ROLE_0074,Demo entitlement,U0166,low
E0075,CRM,ROLE_0075,Demo entitlement,U0190,medium
E0076,HRIS,ROLE_0076,Demo entitlement,U0219,low
E0077,Git,ROLE_0077,Demo entitlement,U0010,medium
E0078,Git,ROLE_0078,Demo entitlement,U0091,medium
E0079,CRM,ROLE_0079,Demo entitlement,U0205,low
E0080,CRM,ROLE_0080,Demo entitlement,U0296,medium
E0081,CRM,ROLE_0081,Demo entitlement,U0281,critical
E0082,CRM,ROLE_0082,Demo entitlement,U0286,medium
E0083,HRIS,ROLE_0083,Demo entitlement,U0115,medium
E0084,CRM,ROLE_0084,Demo entitlement,U0149,medium
E0085,ERP,ROLE_0085,Demo entitlement,U0282,critical
E0086,Email,ROLE_0086,Demo entitlement,U0280,high
E0087,ERP,ROLE_0087,Demo entitlement,U0171,critical
E0088,ERP,ROLE_0088,Demo entitlement,U0261,medium
E0089,Git,ROLE_0089,Demo entitlement,U0143,medium
E0090,Email,ROLE_0090,Demo entitlement,U0096,low
E0091,ERP,ROLE_0091,Demo entitlement,U0076,low
E0092,Email,ROLE_0092,Demo entitlement,U0020,critical
E0093,ERP,ROLE_0093,Demo entitlement,U0047,medium
E0094,CRM,ROLE_0094,Demo entitlement,U0257,medium
E0095,Git,ROLE_0095,Demo entitlement,U0188,low
E0096,CRM,ROLE_0096,Demo entitlement,U0299,high
E0097,Email,ROLE_0097,Demo entitlement,U0138,low
E0098,Git,ROLE_0098,Demo entitlement,U0184,medium
E0099,Email,ROLE_0099,Demo entitlement,U0065,medium
E0100,Git,ROLE_0100,Demo entitlement,U0268,high
E0101,CRM,ROLE_0101,Demo entitlement,U0010,high
E0102,Git,ROLE_0102,Demo entitlement,U0010,medium
E0103,Email,ROLE_0103,Demo entitlement,U0177,medium
E0104,CRM,ROLE_0104,Demo entitlement,U0202,medium
E0105,Git,ROLE_0105,Demo entitlement,U0108,high
E0106,ERP,ROLE_0106,Demo entitlement,U0169,low
E0107,Git,ROLE_0107,Demo entitlement,U0105,medium
E0108,ERP,ROLE_0108,Demo entitlement,U0067,high
E0109,ERP,ROLE_0109,Demo entitlement,U0073,high
E0110,ERP,ROLE_0110,Demo entitlement,U0280,medium
E0111,ERP,ROLE_0111,Demo entitlement,U0037,low
E0112,Email,ROLE_0112,Demo entitlement,U0290,high
E0113,DataLake,ROLE_0113,Demo entitlement,U0243,critical
E0114,Email,ROLE_0114,Demo entitlement,U0031,medium
E0115,Email,ROLE_0115,Demo entitlement,U0098,medium
E0116,Git,ROLE_0116,Demo entitlement,U0238,medium
E0117,Email,ROLE_0117,Demo entitlement,U0125,medium
E0118,Git,ROLE_0118,Demo entitlement,U0055,low
E0119,Email,ROLE_0119,Demo entitlement,U0176,low
E0120,CRM,ROLE_0120,Demo entitlement,U0111,critical
E0121,DataLake,ROLE_0121,Demo entitlement,U0284,medium
E0122,ERP,ROLE_0122,Demo entitlement,U0273,medium
E0123,ERP,ROLE_0123,Demo entitlement,U0127,medium
E0124,HRIS,ROLE_0124,Demo entitlement,U0291,low
E0125,HRIS,ROLE_0125,Demo entitlement,U0115,low
E0126,Git,ROLE_0126,Demo entitlement,U0009,low
E0127,Git,ROLE_0127,Demo entitlement,U0130,high
E0128,DataLake,ROLE_0128,Demo entitlement,U0265,high
E0129,Git,ROLE_0129,Demo entitlement,U0284,critical
E0130,CRM,ROLE_0130,Demo entitlement,U0070,critical
E0131,CRM,ROLE_0131,Demo entitlement,U0178,low
E0132,CRM,ROLE_0132,Demo entitlement,U0181,low
E0133,Git,ROLE_0133,Demo entitlement,U0290,medium
E0134,HRIS,ROLE_0134,Demo entitlement,U0092,medium
E0135,DataLake,ROLE_0135,Demo entitlement,U0108,high
E0136,Email,ROLE_0136,Demo entitlement,U0033,medium
E0137,DataLake,ROLE_0137,Demo entitlement,U0107,medium
E0138,DataLake,ROLE_0138,Demo entitlement,U0214,medium
E0139,ERP,ROLE_0139,Demo entitlement,U0129,medium
E0140,DataLake,ROLE_0140,Demo entitlement,U0157,medium
E0141,ERP,ROLE_0141,Demo entitlement,U0298,low
E0142,Email,ROLE_0142,Demo entitlement,U0117,critical
E0143,ERP,ROLE_0143,Demo entitlement,U0162,high
E0144,Git,ROLE_0144,Demo entitlement,U0294,high
E0145,ERP,ROLE_0145,Demo entitlement,U0286,high
E0146,Git,ROLE_0146,Demo entitlement,U0183,medium
E0147,ERP,ROLE_0147,Demo entitlement,U0175,high
E0148,ERP,ROLE_0148,Demo entitlement,U0045,high
E0149,Git,ROLE_0149,Demo entitlement,U0023,medium
E0150,DataLake,ROLE_0150,Demo entitlement,U0229,low
E0151,HRIS,ROLE_0151,Demo entitlement,U0290,medium
E0152,HRIS,ROLE_0152,Demo entitlement,U0008,medium
E0153,CRM,ROLE_0153,Demo entitlement,U0189,high
E0154,Email,ROLE_0154,Demo entitlement,U0136,high
E0155,CRM,ROLE_0155,Demo entitlement,U0114,medium
E0156,HRIS,ROLE_0156,Demo entitlement,U0203,low
E0157,CRM,ROLE_0157,Demo entitlement,U0180,low
E0158,Email,ROLE_0158,Demo entitlement,U0299,high
E0159,HRIS,ROLE_0159,Demo entitlement,U0113,high
E0160,ERP,ROLE_0160,Demo entitlement,U0055,medium
E0161,Git,ROLE_0161,Demo entitlement,U0180,low
E0162,HRIS,ROLE_0162,Demo entitlement,U0021,low
E0163,CRM,ROLE_0163,Demo entitlement,U0056,low
E0164,ERP,ROLE_0164,Demo entitlement,U0253,high
E0165,HRIS,ROLE_0165,Demo entitlement,U0173,medium
E0166,ERP,ROLE_0166,Demo entitlement,U0137,medium
E0167,Git,ROLE_0167,Demo entitlement,U0170,high
E0168,ERP,ROLE_0168,Demo entitlement,U0166,medium
E0169,CRM,ROLE_0169,Demo entitlement,U0224,medium
E0170,Email,ROLE_0170,Demo entitlement,U0074,medium
E0171,HRIS,ROLE_0171,Demo entitlement,U0095,medium
E0172,HRIS,ROLE_0172,Demo entitlement,U0202,low
E0173,CRM,ROLE_0173,Demo entitlement,U0132,medium
E0174,DataLake,ROLE_0174,Demo entitlement,U0022,low
E0175,HRIS,ROLE_0175,Demo entitlement,U0081,medium
E0176,CRM,ROLE_0176,Demo entitlement,U0285,medium
E0177,Git,ROLE_0177,Demo entitlement,U0049,low
E0178,DataLake,ROLE_0178,Demo entitlement,U0041,critical
E0179,Git,ROLE_0179,Demo entitlement,U0252,medium
E0180,Git,ROLE_0180,Demo entitlement,U0076,high
E0181,ERP,ROLE_0181,Demo entitlement,U0087,high
E0182,Git,ROLE_0182,Demo entitlement,U0162,medium
E0183,DataLake,ROLE_0183,Demo entitlement,U0040,low
E0184,HRIS,ROLE_0184,Demo entitlement,U0134,critical
E0185,Git,ROLE_0185,Demo entitlement,U0149,medium
E0186,ERP,ROLE_0186,Demo entitlement,U0130,medium
E0187,DataLake,ROLE_0187,Demo entitlement,U0210,high
E0188,Git,ROLE_0188,Demo entitlement,U0023,medium
E0189,CRM,ROLE_0189,Demo entitlement,U0264,medium
E0190,DataLake,ROLE_0190,Demo entitlement,U0252,medium
E0191,CRM,ROLE_0191,Demo entitlement,U0029,medium
E0192,ERP,ROLE_0192,Demo entitlement,U0154,low
E0193,Git,ROLE_0193,Demo entitlement,U0044,medium
E0194,Git,ROLE_0194,Demo entitlement,U0037,medium
E0195,ERP,ROLE_0195,Demo entitlement,U0102,high
E0196,DataLake,ROLE_0196,Demo entitlement,U0243,medium
E0197,Git,ROLE_0197,Demo entitlement,U0045,high
E0198,Email,ROLE_0198,Demo entitlement,U0140,medium
E0199,HRIS,ROLE_0199,Demo entitlement,U0082,medium
E0200,Email,ROLE_0200,Demo entitlement,U0173,medium
E0201,HRIS,ROLE_0201,Demo entitlement,U0003,medium
E0202,ERP,ROLE_0202,Demo entitlement,U0079,high
E0203,HRIS,ROLE_0203,Demo entitlement,U0180,medium
E0204,Git,ROLE_0204,Demo entitlement,U0017,medium
E0205,Git,ROLE_0205,Demo entitlement,U0123,high
E0206,ERP,ROLE_0206,Demo entitlement,U0064,low
E0207,Email,ROLE_0207,Demo entitlement,U0095,high
E0208,Email,ROLE_0208,Demo entitlement,U0087,medium
E0209,ERP,ROLE_0209,Demo entitlement,U0174,low
E0210,HRIS,ROLE_0210,Demo entitlement,U0218,medium
E0211,CRM,ROLE_0211,Demo entitlement,U0233,medium
E0212,HRIS,ROLE_0212,Demo entitlement,U0102,low
E0213,Git,ROLE_0213,Demo entitlement,U0130,medium
E0214,DataLake,ROLE_0214,Demo entitlement,U0062,medium
E0215,ERP,ROLE_0215,Demo entitlement,U0119,high
E0216,Git,ROLE_0216,Demo entitlement,U0045,low
E0217,CRM,ROLE_0217,Demo entitlement,U0018,medium
E0218,ERP,ROLE_0218,Demo entitlement,U0172,critical
E0219,Email,ROLE_0219,Demo entitlement,U0096,low
E0220,Email,ROLE_0220,Demo entitlement,U0223,high
E0221,ERP,ROLE_0221,Demo entitlement,U0279,medium
E0222,Email,ROLE_0222,Demo entitlement,U0020,medium
E0223,ERP,ROLE_0223,Demo entitlement,U0281,medium
E0224,Git,ROLE_0224,Demo entitlement,U0195,medium
E0225,HRIS,ROLE_0225,Demo entitlement,U0071,medium
E0226,DataLake,ROLE_0226,Demo entitlement,U0299,high
E0227,CRM,ROLE_0227,Demo entitlement,U0062,high
E0228,HRIS,ROLE_0228,Demo entitlement,U0203,high
E0229,Email,ROLE_0229,Demo entitlement,U0031,critical
E0230,DataLake,ROLE_0230,Demo entitlement,U0016,medium
E0231,HRIS,ROLE_0231,Demo entitlement,U0294,high
E0232,ERP,ROLE_0232,Demo entitlement,U0132,high
E0233,CRM,ROLE_0233,Demo entitlement,U0003,low
E0234,ERP,ROLE_0234,Demo entitlement,U0251,high
E0235,Git,ROLE_0235,Demo entitlement,U0052,medium
E0236,ERP,ROLE_0236,Demo entitlement,U0123,low
E0237,HRIS,ROLE_0237,Demo entitlement,U0024,medium
E0238,DataLake,ROLE_0238,Demo entitlement,U0003,medium
E0239,CRM,ROLE_0239,Demo entitlement,U0070,medium
E0240,HRIS,ROLE_0240,Demo entitlement,U0009,low
E0241,ERP,ROLE_0241,Demo entitlement,U0109,high
E0242,CRM,ROLE_0242,Demo entitlement,U0027,medium
E0243,Git,ROLE_0243,Demo entitlement,U0269,high
E0244,Email,ROLE_0244,Demo entitlement,U0207,low
E0245,Git,ROLE_0245,Demo entitlement,U0079,medium
E0246,CRM,ROLE_0246,Demo entitlement,U0068,low
E0247,Git,ROLE_0247,Demo entitlement,U0299,medium
E0248,DataLake,ROLE_0248,Demo entitlement,U0108,medium
E0249,ERP,ROLE_0249,Demo entitlement,U0248,medium
E0250,HRIS,ROLE_0250,Demo entitlement,U0140,high
E0251,HRIS,ROLE_0251,Demo entitlement,U0168,medium
E0252,Git,ROLE_0252,Demo entitlement,U0213,low
E0253,Git,ROLE_0253,Demo entitlement,U0073,low
E0254,DataLake,ROLE_0254,Demo entitlement,U0158,low
E0255,Git,ROLE_0255,Demo entitlement,U0058,medium
E0256,CRM,ROLE_0256,Demo entitlement,U0114,high
E0257,Email,ROLE_0257,Demo entitlement,U0036,medium
E0258,DataLake,ROLE_0258,Demo entitlement,U0247,high
E0259,ERP,ROLE_0259,Demo entitlement,U0148,medium
E0260,Email,ROLE_0260,Demo entitlement,U0102,high
E0261,Git,ROLE_0261,Demo entitlement,U0165,medium
E0262,ERP,ROLE_0262,Demo entitlement,U0031,medium
E0263,Git,ROLE_0263,Demo entitlement,U0091,high
E0264,Email,ROLE_0264,Demo entitlement,U0004,medium
E0265,Git,ROLE_0265,Demo entitlement,U0276,high
E0266,DataLake,ROLE_0266,Demo entitlement,U0249,low
E0267,Email,ROLE_0267,Demo entitlement,U0004,low
E0268,DataLake,ROLE_0268,Demo entitlement,U0102,low
E0269,Git,ROLE_0269,Demo entitlement,U0118,high
E0270,ERP,ROLE_0270,Demo entitlement,U0267,low
E0271,ERP,ROLE_0271,Demo entitlement,U0299,medium
E0272,Git,ROLE_0272,Demo entitlement,U0264,medium
E0273,HRIS,ROLE_0273,Demo entitlement,U0122,medium
E0274,Git,ROLE_0274,Demo entitlement,U0259,medium
E0275,Git,ROLE_0275,Demo entitlement,U0286,high
E0276,DataLake,ROLE_0276,Demo entitlement,U0294,medium
E0277,HRIS,ROLE_0277,Demo entitlement,U0199,low
E0278,HRIS,ROLE_0278,Demo entitlement,U0209,medium
E0279,Email,ROLE_0279,Demo entitlement,U0292,low
E0280,CRM,ROLE_0280,Demo entitlement,U0082,medium
E0281,Email,ROLE_0281,Demo entitlement,U0009,low
E0282,CRM,ROLE_0282,Demo entitlement,U0210,high
E0283,ERP,ROLE_0283,Demo entitlement,U0031,low
E0284,HRIS,ROLE_0284,Demo entitlement,U0191,medium
E0285,ERP,ROLE_0285,Demo entitlement,U0297,medium
E0286,ERP,ROLE_0286,Demo entitlement,U0014,medium
E0287,HRIS,ROLE_0287,Demo entitlement,U0197,medium
E0288,ERP,ROLE_0288,Demo entitlement,U0140,medium
E0289,Email,ROLE_0289,Demo entitlement,U0074,medium
E0290,DataLake,ROLE_0290,Demo entitlement,U0028,medium
E0291,HRIS,ROLE_0291,Demo entitlement,U0197,medium
E0292,HRIS,ROLE_0292,Demo entitlement,U0164,medium
E0293,Email,ROLE_0293,Demo entitlement,U0097,medium
E0294,Git,ROLE_0294,Demo entitlement,U0095,low
E0295,Email,ROLE_0295,Demo entitlement,U0113,medium
E0296,Git,ROLE_0296,Demo entitlement,U0018,high
E0297,CRM,ROLE_0297,Demo entitlement,U0245,high
E0298,DataLake,ROLE_0298,Demo entitlement,U0208,critical
E0299,ERP,ROLE_0299,Demo entitlement,U0021,low
E0300,CRM,ROLE_0300,Demo entitlement,U0092,high
E0301,CRM,ROLE_0301,Demo entitlement,U0067,low
E0302,Email,ROLE_0302,Demo entitlement,U0134,high
E0303,Email,ROLE_0303,Demo entitlement,U0061,high
E0304,Email,ROLE_0304,Demo entitlement,U0083,medium
E0305,DataLake,ROLE_0305,Demo entitlement,U0130,critical
E0306,ERP,ROLE_0306,Demo entitlement,U0128,medium
E0307,ERP,ROLE_0307,Demo entitlement,U0091,medium
E0308,DataLake,ROLE_0308,Demo entitlement,U0272,medium
E0309,Email,ROLE_0309,Demo entitlement,U0100,high
E0310,CRM,ROLE_0310,Demo entitlement,U0209,medium
E0311,CRM,ROLE_0311,Demo entitlement,U0006,medium
E0312,HRIS,ROLE_0312,Demo entitlement,U0113,medium
E0313,CRM,ROLE_0313,Demo entitlement,U0264,high
E0314,HRIS,ROLE_0314,Demo entitlement,U0287,low
E0315,Git,ROLE_0315,Demo entitlement,U0275,medium
E0316,HRIS,ROLE_0316,Demo entitlement,U0289,low
E0317,HRIS,ROLE_0317,Demo entitlement,U0215,medium
E0318,Email,ROLE_0318,Demo entitlement,U0227,low
E0319,DataLake,ROLE_0319,Demo entitlement,U0029,medium
E0320,Email,ROLE_0320,Demo entitlement,U0046,high
E0321,Git,ROLE_0321,Demo entitlement,U0173,medium
E0322,Email,ROLE_0322,Demo entitlement,U0176,low
E0323,CRM,ROLE_0323,Demo entitlement,U0157,medium
E0324,Email,ROLE_0324,Demo entitlement,U0174,low
E0325,ERP,ROLE_0325,Demo entitlement,U0169,medium
E0326,Git,ROLE_0326,Demo entitlement,U0184,medium
E0327,CRM,ROLE_0327,Demo entitlement,U0085,low
E0328,CRM,ROLE_0328,Demo entitlement,U0059,high
E0329,HRIS,ROLE_0329,Demo entitlement,U0266,medium
E0330,DataLake,ROLE_0330,Demo entitlement,U0054,medium
E0331,CRM,ROLE_0331,Demo entitlement,U0075,low
E0332,ERP,ROLE_0332,Demo entitlement,U0177,critical
E0333,CRM,ROLE_0333,Demo entitlement,U0010,low
E0334,HRIS,ROLE_0334,Demo entitlement,U0250,medium
E0335,DataLake,ROLE_0335,Demo entitlement,U0159,low
E0336,ERP,ROLE_0336,Demo entitlement,U0260,low
E0337,ERP,ROLE_0337,Demo entitlement,U0077,low
E0338,Git,ROLE_0338,Demo entitlement,U0174,medium
E0339,DataLake,ROLE_0339,Demo entitlement,U0237,low
E0340,CRM,ROLE_0340,Demo entitlement,U0281,medium
E0341,ERP,ROLE_0341,Demo entitlement,U0134,medium
E0342,CRM,ROLE_0342,Demo entitlement,U0275,low
E0343,ERP,ROLE_0343,Demo entitlement,U0285,high
E0344,ERP,ROLE_0344,Demo entitlement,U0040,low
E0345,HRIS,ROLE_0345,Demo entitlement,U0129,medium
E0346,HRIS,ROLE_0346,Demo entitlement,U0268,high
E0347,HRIS,ROLE_0347,Demo entitlement,U0018,medium
E0348,Email,ROLE_0348,Demo entitlement,U0272,low
E0349,Email,ROLE_0349,Demo entitlement,U0061,low
E0350,DataLake,ROLE_0350,Demo entitlement,U0138,low
E0351,Email,ROLE_0351,Demo entitlement,U0244,low
E0352,Git,ROLE_0352,Demo entitlement,U0065,medium
E0353,HRIS,ROLE_0353,Demo entitlement,U0124,critical
E0354,ERP,ROLE_0354,Demo entitlement,U0284,medium
E0355,DataLake,ROLE_0355,Demo entitlement,U0274,high
E0356,CRM,ROLE_0356,Demo entitlement,U0041,medium
E0357,ERP,ROLE_0357,Demo entitlement,U0044,critical
E0358,CRM,ROLE_0358,Demo entitlement,U0048,medium
E0359,Git,ROLE_0359,Demo entitlement,U0281,low
E0360,CRM,ROLE_0360,Demo entitlement,U0101,low
E0361,Git,ROLE_0361,Demo entitlement,U0065,low
E0362,CRM,ROLE_0362,Demo entitlement,U0135,low
E0363,Email,ROLE_0363,Demo entitlement,U0275,high
E0364,ERP,ROLE_0364,Demo entitlement,U0182,high
E0365,Email,ROLE_0365,Demo entitlement,U0185,low
E0366,DataLake,ROLE_0366,Demo entitlement,U0009,medium
E0367,DataLake,ROLE_0367,Demo entitlement,U0155,medium
E0368,CRM,ROLE_0368,Demo entitlement,U0269,low
E0369,HRIS,ROLE_0369,Demo entitlement,U0052,critical
E0370,DataLake,ROLE_0370,Demo entitlement,U0142,medium
E0371,CRM,ROLE_0371,Demo entitlement,U0183,medium
E0372,DataLake,ROLE_0372,Demo entitlement,U0274,medium
E0373,Git,ROLE_0373,Demo entitlement,U0189,medium
E0374,ERP,ROLE_0374,Demo entitlement,U0177,critical
E0375,HRIS,ROLE_0375,Demo entitlement,U0032,high
E0376,DataLake,ROLE_0376,Demo entitlement,U0226,medium
E0377,HRIS,ROLE_0377,Demo entitlement,U0007,high
E0378,DataLake,ROLE_0378,Demo entitlement,U0043,medium
E0379,HRIS,ROLE_0379,Demo entitlement,U0029,medium
E0380,ERP,ROLE_0380,Demo entitlement,U0127,medium
E0381,Email,ROLE_0381,Demo entitlement,U0074,medium
E0382,DataLake,ROLE_0382,Demo entitlement,U0242,high
E0383,Email,ROLE_0383,Demo entitlement,U0243,medium
E0384,ERP,ROLE_0384,Demo entitlement,U0280,low
E0385,HRIS,ROLE_0385,Demo entitlement,U0250,high
E0386,ERP,ROLE_0386,Demo entitlement,U0099,low
E0387,Git,ROLE_0387,Demo entitlement,U0039,high
E0388,Git,ROLE_0388,Demo entitlement,U0254,high
E0389,HRIS,ROLE_0389,Demo entitlement,U0019,high
E0390,DataLake,ROLE_0390,Demo entitlement,U0139,high
E0391,Git,ROLE_0391,Demo entitlement,U0114,medium
E0392,ERP,ROLE_0392,Demo entitlement,U0064,medium
E0393,DataLake,ROLE_0393,Demo entitlement,U0032,medium
E0394,ERP,ROLE_0394,Demo entitlement,U0083,low
E0395,CRM,ROLE_0395,Demo entitlement,U0097,critical
E0396,Git,ROLE_0396,Demo entitlement,U0052,medium
E0397,Git,ROLE_0397,Demo entitlement,U0061,medium
E0398,Git,ROLE_0398,Demo entitlement,U0190,medium
E0399,DataLake,ROLE_0399,Demo entitlement,U0006,medium
E0400,HRIS,ROLE_0400,Demo entitlement,U0211,low
E0401,Git,ROLE_0401,Demo entitlement,U0177,low
E0402,CRM,ROLE_0402,Demo entitlement,U0154,medium
E0403,ERP,ROLE_0403,Demo entitlement,U0030,low
E0404,HRIS,ROLE_0404,Demo entitlement,U0256,medium
E0405,Git,ROLE_0405,Demo entitlement,U0079,low
E0406,CRM,ROLE_0406,Demo entitlement,U0010,high
E0407,DataLake,ROLE_0407,Demo entitlement,U0277,low
E0408,Git,ROLE_0408,Demo entitlement,U0046,medium
E0409,Email,ROLE_0409,Demo entitlement,U0210,high
E0410,DataLake,ROLE_0410,Demo entitlement,U0051,medium
E0411,HRIS,ROLE_0411,Demo entitlement,U0168,medium
E0412,ERP,ROLE_0412,Demo entitlement,U0039,high
E0413,HRIS,ROLE_0413,Demo entitlement,U0117,medium
E0414,CRM,ROLE_0414,Demo entitlement,U0249,low
E0415,Email,ROLE_0415,Demo entitlement,U0237,critical
E0416,DataLake,ROLE_0416,Demo entitlement,U0020,high
E0417,Git,ROLE_0417,Demo entitlement,U0032,high
E0418,ERP,ROLE_0418,Demo entitlement,U0174,medium
E0419,CRM,ROLE_0419,Demo entitlement,U0220,medium
E0420,HRIS,ROLE_0420,Demo entitlement,U0134,low
E0421,CRM,ROLE_0421,Demo entitlement,U0064,low
E0422,ERP,ROLE_0422,Demo entitlement,U0242,high
E0423,DataLake,ROLE_0423,Demo entitlement,U0266,medium
E0424,CRM,ROLE_0424,Demo entitlement,U0117,medium
E0425,Email,ROLE_0425,Demo entitlement,U0132,high
E0426,HRIS,ROLE_0426,Demo entitlement,U0012,medium
E0427,Git,ROLE_0427,Demo entitlement,U0100,medium
E0428,Git,ROLE_0428,Demo entitlement,U0132,low
E0429,HRIS,ROLE_0429,Demo entitlement,U0082,medium
E0430,DataLake,ROLE_0430,Demo entitlement,U0268,medium
E0431,HRIS,ROLE_0431,Demo entitlement,U0136,medium
E0432,DataLake,ROLE_0432,Demo entitlement,U0022,low
E0433,HRIS,ROLE_0433,Demo entitlement,U0127,high
E0434,CRM,ROLE_0434,Demo entitlement,U0277,high
E0435,HRIS,ROLE_0435,Demo entitlement,U0109,medium
E0436,HRIS,ROLE_0436,Demo entitlement,U0067,medium
E0437,ERP,ROLE_0437,Demo entitlement,U0159,medium
E0438,Email,ROLE_0438,Demo entitlement,U0064,medium
E0439,CRM,ROLE_0439,Demo entitlement,U0086,low
E0440,HRIS,ROLE_0440,Demo entitlement,U0064,medium
E0441,Email,ROLE_0441,Demo entitlement,U0169,medium
E0442,CRM,ROLE_0442,Demo entitlement,U0118,critical
E0443,CRM,ROLE_0443,Demo entitlement,U0138,high
E0444,ERP,ROLE_0444,Demo entitlement,U0153,low
E0445,DataLake,ROLE_0445,Demo entitlement,U0105,medium
E0446,CRM,ROLE_0446,Demo entitlement,U0209,low
E0447,Email,ROLE_0447,Demo entitlement,U0204,low
E0448,ERP,ROLE_0448,Demo entitlement,U0141,medium
E0449,ERP,ROLE_0449,Demo entitlement,U0173,medium
E0450,CRM,ROLE_0450,Demo entitlement,U0273,low
E0451,Email,ROLE_0451,Demo entitlement,U0004,medium
E0452,Email,ROLE_0452,Demo entitlement,U0265,high
E0453,Git,ROLE_0453,Demo entitlement,U0062,high
E0454,Git,ROLE_0454,Demo entitlement,U0229,low
E0455,Git,ROLE_0455,Demo entitlement,U0165,medium
E0456,CRM,ROLE_0456,Demo entitlement,U0269,low
E0457,HRIS,ROLE_0457,Demo entitlement,U0288,medium
E0458,Git,ROLE_0458,Demo entitlement,U0152,high
E0459,Git,ROLE_0459,Demo entitlement,U0232,low
E0460,Email,ROLE_0460,Demo entitlement,U0093,high
E0461,Git,ROLE_0461,Demo entitlement,U0266,medium
E0462,ERP,ROLE_0462,Demo entitlement,U0287,medium
E0463,DataLake,ROLE_0463,Demo entitlement,U0046,high
E0464,CRM,ROLE_0464,Demo entitlement,U0057,medium
E0465,CRM,ROLE_0465,Demo entitlement,U0103,medium
E0466,Git,ROLE_0466,Demo entitlement,U0263,high
E0467,ERP,ROLE_0467,Demo entitlement,U0202,low
E0468,CRM,ROLE_0468,Demo entitlement,U0145,low
E0469,HRIS,ROLE_0469,Demo entitlement,U0209,medium
E0470,DataLake,ROLE_0470,Demo entitlement,U0272,medium
E0471,CRM,ROLE_0471,Demo entitlement,U0013,medium
E0472,HRIS,ROLE_0472,Demo entitlement,U0103,medium
E0473,ERP,ROLE_0473,Demo entitlement,U0065,high
E0474,ERP,ROLE_0474,Demo entitlement,U0240,medium
E0475,Git,ROLE_0475,Demo entitlement,U0090,medium
E0476,HRIS,ROLE_0476,Demo entitlement,U0159,high
E0477,Email,ROLE_0477,Demo entitlement,U0240,high
E0478,ERP,ROLE_0478,Demo entitlement,U0003,high
E0479,HRIS,ROLE_0479,Demo entitlement,U0199,critical
E0480,HRIS,ROLE_0480,Demo entitlement,U0014,low
E0481,ERP,ROLE_0481,Demo entitlement,U0175,medium
E0482,CRM,ROLE_0482,Demo entitlement,U0295,high
E0483,DataLake,ROLE_0483,Demo entitlement,U0071,critical
E0484,CRM,ROLE_0484,Demo entitlement,U0013,low
E0485,ERP,ROLE_0485,Demo entitlement,U0128,high
E0486,ERP,ROLE_0486,Demo entitlement,U0243,medium
E0487,Git,ROLE_0487,Demo entitlement,U0197,medium
E0488,CRM,ROLE_0488,Demo entitlement,U0216,high
E0489,CRM,ROLE_0489,Demo entitlement,U0200,high
E0490,ERP,ROLE_0490,Demo entitlement,U0086,low
E0491,Git,ROLE_0491,Demo entitlement,U0107,medium
E0492,HRIS,ROLE_0492,Demo entitlement,U0232,critical
E0493,Email,ROLE_0493,Demo entitlement,U0085,medium
E0494,DataLake,ROLE_0494,Demo entitlement,U0010,medium
E0495,Git,ROLE_0495,Demo entitlement,U0027,medium
E0496,Git,ROLE_0496,Demo entitlement,U0113,medium
E0497,HRIS,ROLE_0497,Demo entitlement,U0164,medium
E0498,CRM,ROLE_0498,Demo entitlement,U0287,low
E0499,DataLake,ROLE_0499,Demo entitlement,U0281,medium
E0500,Email,ROLE_0500,Demo entitlement,U0200,medium
E0501,Git,ROLE_0501,Demo entitlement,U0139,medium
E0502,ERP,ROLE_0502,Demo entitlement,U0114,medium
E0503,DataLake,ROLE_0503,Demo entitlement,U0064,medium
E0504,Git,ROLE_0504,Demo entitlement,U0041,medium
E0505,DataLake,ROLE_0505,Demo entitlement,U0288,high
E0506,Git,ROLE_0506,Demo entitlement,U0202,high
E0507,DataLake,ROLE_0507,Demo entitlement,U0206,high
E0508,Git,ROLE_0508,Demo entitlement,U0108,medium
E0509,Git,ROLE_0509,Demo entitlement,U0222,medium
E0510,DataLake,ROLE_0510,Demo entitlement,U0157,high
E0511,DataLake,ROLE_0511,Demo entitlement,U0078,medium
E0512,Email,ROLE_0512,Demo entitlement,U0123,medium
E0513,CRM,ROLE_0513,Demo entitlement,U0007,high
E0514,HRIS,ROLE_0514,Demo entitlement,U0003,high
E0515,DataLake,ROLE_0515,Demo entitlement,U0188,high
E0516,CRM,ROLE_0516,Demo entitlement,U0034,low
E0517,Email,ROLE_0517,Demo entitlement,U0170,low
E0518,Email,ROLE_0518,Demo entitlement,U0118,medium
E0519,Email,ROLE_0519,Demo entitlement,U0032,medium
E0520,HRIS,ROLE_0520,Demo entitlement,U0081,low
E0521,Email,ROLE_0521,Demo entitlement,U0153,low
E0522,ERP,ROLE_0522,Demo entitlement,U0258,medium
E0523,DataLake,ROLE_0523,Demo entitlement,U0051,medium
E0524,Email,ROLE_0524,Demo entitlement,U0016,medium
E0525,ERP,ROLE_0525,Demo entitlement,U0023,medium
E0526,HRIS,ROLE_0526,Demo entitlement,U0297,low
E0527,HRIS,ROLE_0527,Demo entitlement,U0112,medium
E0528,ERP,ROLE_0528,Demo entitlement,U0294,low
E0529,HRIS,ROLE_0529,Demo entitlement,U0215,high
E0530,HRIS,ROLE_0530,Demo entitlement,U0066,medium
E0531,ERP,ROLE_0531,Demo entitlement,U0149,low
E0532,DataLake,ROLE_0532,Demo entitlement,U0244,high
E0533,Git,ROLE_0533,Demo entitlement,U0196,medium
E0534,HRIS,ROLE_0534,Demo entitlement,U0092,medium
E0535,CRM,ROLE_0535,Demo entitlement,U0292,low
E0536,Email,ROLE_0536,Demo entitlement,U0006,medium
E0537,HRIS,ROLE_0537,Demo entitlement,U0084,medium
E0538,CRM,ROLE_0538,Demo entitlement,U0009,medium
E0539,CRM,ROLE_0539,Demo entitlement,U0058,medium
E0540,Email,ROLE_0540,Demo entitlement,U0292,medium
E0541,Git,ROLE_0541,Demo entitlement,U0249,medium
E0542,CRM,ROLE_0542,Demo entitlement,U0023,low
E0543,CRM,ROLE_0543,Demo entitlement,U0094,medium
E0544,Git,ROLE_0544,Demo entitlement,U0261,medium
E0545,Git,ROLE_0545,Demo entitlement,U0281,high
E0546,DataLake,ROLE_0546,Demo entitlement,U0073,high
E0547,DataLake,ROLE_0547,Demo entitlement,U0238,low
E0548,ERP,ROLE_0548,Demo entitlement,U0199,medium
E0549,HRIS,ROLE_0549,Demo entitlement,U0042,high
E0550,HRIS,ROLE_0550,Demo entitlement,U0007,high
E0551,HRIS,ROLE_0551,Demo entitlement,U0005,low
E0552,Git,ROLE_0552,Demo entitlement,U0037,low
E0553,DataLake,ROLE_0553,Demo entitlement,U0000,medium
E0554,Email,ROLE_0554,Demo entitlement,U0248,medium
E0555,HRIS,ROLE_0555,Demo entitlement,U0160,low
E0556,Email,ROLE_0556,Demo entitlement,U0266,medium
E0557,CRM,ROLE_0557,Demo entitlement,U0269,medium
E0558,ERP,ROLE_0558,Demo entitlement,U0298,high
E0559,Git,ROLE_0559,Demo entitlement,U0092,medium
E0560,ERP,ROLE_0560,Demo entitlement,U0116,high
E0561,CRM,ROLE_0561,Demo entitlement,U0170,high
E0562,HRIS,ROLE_0562,Demo entitlement,U0258,medium
E0563,CRM,ROLE_0563,Demo entitlement,U0012,high
E0564,Email,ROLE_0564,Demo entitlement,U0262,low
E0565,Email,ROLE_0565,Demo entitlement,U0181,medium
E0566,CRM,ROLE_0566,Demo entitlement,U0033,low
E0567,HRIS,ROLE_0567,Demo entitlement,U0239,medium
E0568,CRM,ROLE_0568,Demo entitlement,U0244,medium
E0569,HRIS,ROLE_0569,Demo entitlement,U0103,high
E0570,HRIS,ROLE_0570,Demo entitlement,U0115,high
E0571,HRIS,ROLE_0571,Demo entitlement,U0292,medium
E0572,DataLake,ROLE_0572,Demo entitlement,U0054,medium
E0573,ERP,ROLE_0573,Demo entitlement,U0152,critical
E0574,HRIS,ROLE_0574,Demo entitlement,U0198,low
E0575,HRIS,ROLE_0575,Demo entitlement,U0296,medium
E0576,Email,ROLE_0576,Demo entitlement,U0017,medium
E0577,ERP,ROLE_0577,Demo entitlement,U0173,medium
E0578,DataLake,ROLE_0578,Demo entitlement,U0275,low
E0579,Git,ROLE_0579,Demo entitlement,U0089,medium
E0580,ERP,ROLE_0580,Demo entitlement,U0183,low
E0581,ERP,ROLE_0581,Demo entitlement,U0250,high
E0582,HRIS,ROLE_0582,Demo entitlement,U0221,high
E0583,ERP,ROLE_0583,Demo entitlement,U0072,high
E0584,Email,ROLE_0584,Demo entitlement,U0153,medium
E0585,ERP,ROLE_0585,Demo entitlement,U0245,low
E0586,CRM,ROLE_0586,Demo entitlement,U0192,high
E0587,ERP,ROLE_0587,Demo entitlement,U0036,low
E0588,DataLake,ROLE_0588,Demo entitlement,U0174,medium
E0589,Git,ROLE_0589,Demo entitlement,U0005,low
E0590,HRIS,ROLE_0590,Demo entitlement,U0047,medium
E0591,Email,ROLE_0591,Demo entitlement,U0215,medium
E0592,Email,ROLE_0592,Demo entitlement,U0057,high
E0593,DataLake,ROLE_0593,Demo entitlement,U0040,medium
E0594,DataLake,ROLE_0594,Demo entitlement,U0137,low
E0595,DataLake,ROLE_0595,Demo entitlement,U0003,high
E0596,CRM,ROLE_0596,Demo entitlement,U0058,low
E0597,DataLake,ROLE_0597,Demo entitlement,U0038,medium
E0598,CRM,ROLE_0598,Demo entitlement,U0263,medium
E0599,DataLake,ROLE_0599,Demo entitlement,U0253,high
E0600,CRM,ROLE_0600,Demo entitlement,U0169,medium
E0601,Email,ROLE_0601,Demo entitlement,U0050,high
E0602,Email,ROLE_0602,Demo entitlement,U0150,medium
E0603,ERP,ROLE_0603,Demo entitlement,U0034,medium
E0604,Git,ROLE_0604,Demo entitlement,U0006,high
E0605,ERP,ROLE_0605,Demo entitlement,U0129,medium
E0606,Git,ROLE_0606,Demo entitlement,U0075,medium
E0607,Git,ROLE_0607,Demo entitlement,U0149,high
E0608,HRIS,ROLE_0608,Demo entitlement,U0221,medium
E0609,HRIS,ROLE_0609,Demo entitlement,U0114,medium
E0610,DataLake,ROLE_0610,Demo entitlement,U0279,medium
E0611,CRM,ROLE_0611,Demo entitlement,U0121,high
E0612,Email,ROLE_0612,Demo entitlement,U0193,high
E0613,Git,ROLE_0613,Demo entitlement,U0032,medium
E0614,CRM,ROLE_0614,Demo entitlement,U0130,medium
E0615,Git,ROLE_0615,Demo entitlement,U0014,medium
E0616,Email,ROLE_0616,Demo entitlement,U0137,medium
E0617,HRIS,ROLE_0617,Demo entitlement,U0211,high
E0618,ERP,ROLE_0618,Demo entitlement,U0192,high
E0619,HRIS,ROLE_0619,Demo entitlement,U0143,low
E0620,CRM,ROLE_0620,Demo entitlement,U0074,medium
E0621,Git,ROLE_0621,Demo entitlement,U0102,medium
E0622,CRM,ROLE_0622,Demo entitlement,U0198,medium
E0623,ERP,ROLE_0623,Demo entitlement,U0264,medium
E0624,CRM,ROLE_0624,Demo entitlement,U0263,medium
E0625,DataLake,ROLE_0625,Demo entitlement,U0217,medium
E0626,Git,ROLE_0626,Demo entitlement,U0292,medium
E0627,CRM,ROLE_0627,Demo entitlement,U0004,high
E0628,CRM,ROLE_0628,Demo entitlement,U0076,low
E0629,HRIS,ROLE_0629,Demo entitlement,U0061,critical
E0630,Git,ROLE_0630,Demo entitlement,U0147,low
E0631,CRM,ROLE_0631,Demo entitlement,U0044,high
E0632,ERP,ROLE_0632,Demo entitlement,U0240,medium
E0633,ERP,ROLE_0633,Demo entitlement,U0213,high
E0634,DataLake,ROLE_0634,Demo entitlement,U0051,medium
E0635,CRM,ROLE_0635,Demo entitlement,U0148,medium
E0636,HRIS,ROLE_0636,Demo entitlement,U0237,medium
E0637,HRIS,ROLE_0637,Demo entitlement,U0044,low
E0638,CRM,ROLE_0638,Demo entitlement,U0061,medium
E0639,HRIS,ROLE_0639,Demo entitlement,U0133,medium
E0640,ERP,ROLE_0640,Demo entitlement,U0128,low
E0641,Git,ROLE_0641,Demo entitlement,U0214,high
E0642,HRIS,ROLE_0642,Demo entitlement,U0132,medium
E0643,HRIS,ROLE_0643,Demo entitlement,U0286,medium
E0644,DataLake,ROLE_0644,Demo entitlement,U0246,medium
E0645,DataLake,ROLE_0645,Demo entitlement,U0225,high
E0646,Email,ROLE_0646,Demo entitlement,U0058,low
E0647,ERP,ROLE_0647,Demo entitlement,U0135,low
E0648,ERP,ROLE_0648,Demo entitlement,U0217,low
E0649,Git,ROLE_0649,Demo entitlement,U0049,critical
E0650,HRIS,ROLE_0650,Demo entitlement,U0288,medium
E0651,Git,ROLE_0651,Demo entitlement,U0085,high
E0652,ERP,ROLE_0652,Demo entitlement,U0017,low
E0653,ERP,ROLE_0653,Demo entitlement,U0032,high
E0654,Git,ROLE_0654,Demo entitlement,U0011,low
E0655,Git,ROLE_0655,Demo entitlement,U0207,medium
E0656,HRIS,ROLE_0656,Demo entitlement,U0049,low
E0657,Git,ROLE_0657,Demo entitlement,U0246,high
E0658,Email,ROLE_0658,Demo entitlement,U0213,medium
E0659,Git,ROLE_0659,Demo entitlement,U0273,medium
E0660,HRIS,ROLE_0660,Demo entitlement,U0119,medium
E0661,DataLake,ROLE_0661,Demo entitlement,U0253,medium
E0662,Git,ROLE_0662,Demo entitlement,U0272,medium
E0663,DataLake,ROLE_0663,Demo entitlement,U0293,low
E0664,Git,ROLE_0664,Demo entitlement,U0020,high
E0665,HRIS,ROLE_0665,Demo entitlement,U0048,medium
E0666,Git,ROLE_0666,Demo entitlement,U0202,medium
E0667,CRM,ROLE_0667,Demo entitlement,U0001,medium
E0668,CRM,ROLE_0668,Demo entitlement,U0238,medium
E0669,DataLake,ROLE_0669,Demo entitlement,U0211,low
E0670,Email,ROLE_0670,Demo entitlement,U0086,medium
E0671,Email,ROLE_0671,Demo entitlement,U0237,medium
E0672,Git,ROLE_0672,Demo entitlement,U0005,medium
E0673,ERP,ROLE_0673,Demo entitlement,U0038,critical
E0674,CRM,ROLE_0674,Demo entitlement,U0143,high
E0675,CRM,ROLE_0675,Demo entitlement,U0223,high
E0676,HRIS,ROLE_0676,Demo entitlement,U0259,low
E0677,CRM,ROLE_0677,Demo entitlement,U0140,medium
E0678,ERP,ROLE_0678,Demo entitlement,U0111,medium
E0679,CRM,ROLE_0679,Demo entitlement,U0204,medium
E0680,DataLake,ROLE_0680,Demo entitlement,U0132,medium
E0681,Git,ROLE_0681,Demo entitlement,U0299,medium
E0682,Email,ROLE_0682,Demo entitlement,U0212,medium
E0683,Email,ROLE_0683,Demo entitlement,U0017,medium
E0684,DataLake,ROLE_0684,Demo entitlement,U0122,medium
E0685,DataLake,ROLE_0685,Demo entitlement,U0043,critical
E0686,Email,ROLE_0686,Demo entitlement,U0240,medium
E0687,ERP,ROLE_0687,Demo entitlement,U0210,high
E0688,CRM,ROLE_0688,Demo entitlement,U0042,critical
E0689,DataLake,ROLE_0689,Demo entitlement,U0042,medium
E0690,HRIS,ROLE_0690,Demo entitlement,U0268,critical
E0691,DataLake,ROLE_0691,Demo entitlement,U0209,critical
E0692,CRM,ROLE_0692,Demo entitlement,U0177,high
E0693,CRM,ROLE_0693,Demo entitlement,U0257,high
E0694,HRIS,ROLE_0694,Demo entitlement,U0063,medium
E0695,Email,ROLE_0695,Demo entitlement,U0154,low
E0696,ERP,ROLE_0696,Demo entitlement,U0064,low
E0697,HRIS,ROLE_0697,Demo entitlement,U0051,medium
E0698,HRIS,ROLE_0698,Demo entitlement,U0298,medium
E0699,ERP,ROLE_0699,Demo entitlement,U0210,medium
E0700,DataLake,ROLE_0700,Demo entitlement,U0049,high
E0701,Email,ROLE_0701,Demo entitlement,U0090,medium
E0702,Email,ROLE_0702,Demo entitlement,U0218,medium
E0703,DataLake,ROLE_0703,Demo entitlement,U0192,medium
E0704,CRM,ROLE_0704,Demo entitlement,U0192,medium
E0705,HRIS,ROLE_0705,Demo entitlement,U0153,high
E0706,DataLake,ROLE_0706,Demo entitlement,U0178,medium
E0707,Email,ROLE_0707,Demo entitlement,U0267,medium
E0708,ERP,ROLE_0708,Demo entitlement,U0179,medium
E0709,DataLake,ROLE_0709,Demo entitlement,U0160,medium
E0710,CRM,ROLE_0710,Demo entitlement,U0021,low
E0711,DataLake,ROLE_0711,Demo entitlement,U0214,low
E0712,Email,ROLE_0712,Demo entitlement,U0272,medium
E0713,DataLake,ROLE_0713,Demo entitlement,U0116,medium
E0714,DataLake,ROLE_0714,Demo entitlement,U0159,medium
E0715,HRIS,ROLE_0715,Demo entitlement,U0138,low
E0716,CRM,ROLE_0716,Demo entitlement,U0247,high
E0717,CRM,ROLE_0717,Demo entitlement,U0104,low
E0718,Email,ROLE_0718,Demo entitlement,U0291,critical
E0719,ERP,ROLE_0719,Demo entitlement,U0032,high
E0720,HRIS,ROLE_0720,Demo entitlement,U0189,high
E0721,ERP,ROLE_0721,Demo entitlement,U0182,medium
E0722,Email,ROLE_0722,Demo entitlement,U0079,medium
E0723,HRIS,ROLE_0723,Demo entitlement,U0191,critical
E0724,DataLake,ROLE_0724,Demo entitlement,U0298,high
E0725,Git,ROLE_0725,Demo entitlement,U0262,medium
E0726,CRM,ROLE_0726,Demo entitlement,U0110,low
E0727,Git,ROLE_0727,Demo entitlement,U0171,low
E0728,Git,ROLE_0728,Demo entitlement,U0023,medium
E0729,DataLake,ROLE_0729,Demo entitlement,U0235,medium
E0730,Email,ROLE_0730,Demo entitlement,U0021,medium
E0731,DataLake,ROLE_0731,Demo entitlement,U0232,low
E0732,ERP,ROLE_0732,Demo entitlement,U0291,medium
E0733,HRIS,ROLE_0733,Demo entitlement,U0102,high
E0734,HRIS,ROLE_0734,Demo entitlement,U0270,medium
E0735,Git,ROLE_0735,Demo entitlement,U0103,critical
E0736,Email,ROLE_0736,Demo entitlement,U0016,low
E0737,CRM,ROLE_0737,Demo entitlement,U0191,medium
E0738,HRIS,ROLE_0738,Demo entitlement,U0053,medium
E0739,HRIS,ROLE_0739,Demo entitlement,U0046,medium
E0740,Git,ROLE_0740,Demo entitlement,U0295,high
E0741,ERP,ROLE_0741,Demo entitlement,U0272,high
E0742,ERP,ROLE_0742,Demo entitlement,U0253,high
E0743,DataLake,ROLE_0743,Demo entitlement,U0173,low
E0744,HRIS,ROLE_0744,Demo entitlement,U0009,low
E0745,Git,ROLE_0745,Demo entitlement,U0138,low
E0746,ERP,ROLE_0746,Demo entitlement,U0253,low
E0747,Git,ROLE_0747,Demo entitlement,U0122,high
E0748,Email,ROLE_0748,Demo entitlement,U0025,medium
E0749,CRM,ROLE_0749,Demo entitlement,U0165,high
